,Step,Beta,KL,Word,Topo,Assm,PNorm,GNorm
0,100.0,0.0,102.17499183654785,30.508222866803408,85.88275116682053,54.29872230382557,109.47508627395244,7.001825044706538
1,200.0,0.0,153.1272134399414,48.37171357870102,92.42212235927582,62.34311958391843,114.98684810618994,9.333889485861693
2,300.0,0.0,136.34566913604738,49.68402200937271,92.79183596372604,58.0342764138063,120.96348206529768,5.6804890584965
3,400.0,0.0,207.26618087768554,60.569183737039566,94.09477072954178,60.430888639906186,125.1220705483287,50.000001619198436
4,500.0,0.0,271.7462788391113,68.14754635095596,95.68180233240128,60.80956551053445,128.43485517492996,13.505522977273923
5,600.0,0.0,276.27733917236327,64.58307267725468,94.56704443693161,71.70604740933273,133.5199164974619,49.99999835582282
6,700.0,0.0,301.71207427978516,68.63291764259338,95.3597069978714,75.04102569419796,137.69552688248748,17.116198286985767
7,800.0,0.0,331.04880020141604,72.28077131509781,95.04653537273407,78.06928947298984,143.96594317729046,19.908919872453282
8,900.0,0.0,338.13877746582034,80.18009984493256,96.6322934627533,72.61251374736665,146.0404775439308,6.809482905330717
9,1000.0,0.0,361.31652114868166,79.58720791339874,97.53517580032349,58.040876516041045,148.37046610727862,14.741627466682306
10,1100.0,0.0,472.6434127807617,86.24099677801132,97.91620570421219,80.07954877532781,150.66738467912546,8.84529578363714
11,1200.0,0.0,464.70045318603513,84.21366882324219,95.5298587679863,74.980919330937,153.14811888994228,8.481757124680303
12,1300.0,0.0,447.54025115966795,85.05925673246384,96.62204486131668,62.359675425651666,155.67988768543458,6.222276750737232
13,1400.0,0.0,525.0663409423828,89.7404260635376,97.06427109241486,74.19226591111891,157.88535424541053,7.7132508038656775
14,1500.0,0.0,437.5398516845703,79.57694923877716,94.27015775442123,71.63317994621036,161.0883081463579,6.537612450902177
15,1600.0,0.0,460.51588256835936,85.97818696498871,97.80584943294525,66.45678413222369,163.5345196471117,16.441135851346363
16,1700.0,0.0,591.5774624633789,90.72073966264725,97.35789978504181,85.38010346473213,165.11183469671334,5.647835991060528
17,1800.0,0.0,552.2128674316406,91.85416036844254,97.2506794333458,72.31771953687245,166.78226235777092,6.042724215521726
18,1900.0,0.0,584.4852230834961,89.18114867806435,97.69268441200256,60.981711784189784,169.20973432380987,10.969106466374797
19,2000.0,0.0,623.2830078125,93.14667177200317,97.39457374811172,74.51546082867691,170.48756226404726,16.057171840492618
20,2100.0,0.0,643.73224609375,94.63546741008759,98.67601746320724,71.19316538019247,171.60232145092291,5.110908262642158
21,2200.0,0.0,632.1848794555664,89.98990160226822,97.80457103252411,71.35234093652855,173.81806863790484,4.201770744665905
22,2300.0,0.0,684.2211157226562,94.2233806848526,98.3206158876419,70.88131918782693,175.50430008825487,4.780295794065889
23,2400.0,0.0,589.3844296264648,88.95844954252243,96.74656540155411,65.99013414396174,177.71377075024768,11.653487784541472
24,2500.0,0.0,642.5625701904297,91.74106073379517,97.4308671951294,67.29838828580442,179.56723063946154,34.09079956447358
25,2600.0,0.0,731.3908288574219,94.73367244005203,98.29541575908661,66.97565705488223,180.79408517400373,13.444222385566436
26,2700.0,0.0,621.2722988891602,89.53934025764465,97.45269864797592,78.35175457856369,183.60643582919488,11.567013828371424
27,2800.0,0.0,695.7282241821289,91.09599947929382,98.22454708814621,80.01033448776843,186.60583266543435,9.944967560031307
28,2900.0,0.0,741.4449163818359,93.58444207906723,97.9058273434639,81.26916247651707,188.12832554909917,22.7908199882309
29,3000.0,0.0,682.5544915771484,95.5305603146553,97.5229429602623,81.18900813287948,189.38028042957475,14.992452262416966
30,3100.0,0.0,726.9964630126954,95.08494925498962,98.70081233978271,67.117624920013,190.41189550356472,8.640338950768113
31,3200.0,0.0,869.8645947265625,97.29237997531891,98.96062690019608,85.63534956608113,191.23575836833967,11.072726862074092
32,3300.0,0.0,813.34275390625,94.77871209383011,97.31368970870972,82.65237957244686,192.64681178812393,6.455245650280124
33,3400.0,0.0,758.6105041503906,95.6134380698204,98.67568212747574,70.15781811464473,193.9114913422461,4.799413156356195
34,3500.0,0.0,818.8311309814453,96.6693332195282,98.40539687871933,85.4281386561929,194.88182684840257,15.229881402833707
35,3600.0,0.0,760.0103704833984,90.20470833778381,96.79571950435638,78.86980398335308,198.25640990231287,6.143227998693008
36,3700.0,0.0,741.7382434082032,94.1997898221016,98.87307357788086,77.33824023206601,199.78670219906135,9.206699810708662
37,3800.0,0.0,841.2039660644531,96.40441435575485,98.79092425107956,90.53717047134006,200.88084156207103,3.0980109478085978
38,3900.0,0.0,801.3303088378906,96.43549013137817,98.18642473220825,77.06534404359205,202.01107037688362,4.543086934927336
39,4000.0,0.0,824.8103381347656,95.41123676300049,98.9198734164238,71.10102272336024,203.72744130314683,10.373388533602254
40,4100.0,0.0,800.366655883789,96.76778393983841,98.73810613155365,82.79534388566485,204.7533368070879,9.043641852846998
41,4200.0,0.0,839.3295745849609,97.4394525885582,99.43645602464676,81.3280062162806,205.54486584051386,7.075032651167938
42,4300.0,0.0,922.7816979980469,95.22526890039444,98.77620929479599,83.58294648146337,207.1593675697135,2.91749521068766
43,4400.0,0.0,915.9745867919922,96.71505182981491,99.16881501674652,81.21907066229201,208.36061374140772,2.771786111861107
44,4500.0,0.0,826.1793133544921,92.62724602222443,98.27414864301682,77.89981059223223,210.65874438949965,6.765950055309916
45,4600.0,0.0,884.2856713867187,94.90672558546066,98.11870235204697,79.76114250965772,211.9648659286784,16.515953444321998
46,4700.0,0.0,947.5046807861328,97.2318274974823,99.12173825502396,79.38844025594011,212.88571227076773,3.7776988050063762
47,4800.0,0.0,822.8189739990235,92.68768399953842,98.16534841060638,90.50256630261234,216.23644137401925,18.92227144796354
48,4900.0,0.0,905.5524932861329,94.59338921308517,99.07042294740677,88.77268975710265,219.00303964371977,11.971482395129488
49,5000.0,0.0,963.2650476074218,96.65905267000198,99.16729497909546,89.29034414071401,219.83489501142668,11.20115136921063
50,5100.0,0.0,878.4328680419922,96.90985935926437,98.37707376480103,90.00268930834574,221.034890417675,8.351996647128965
51,5200.0,0.0,947.7229797363282,97.10620814561844,99.33239954710007,80.28397745736615,221.81749956390482,5.780431900156363
52,5300.0,0.0,1074.4516094970704,98.40152132511139,99.21746999025345,93.20766748795295,222.53663227044677,6.6831869389858785
53,5400.0,0.0,1006.176240234375,95.7599019408226,97.51886975765228,89.08739257415617,224.15505283273114,9.153897639206894
54,5500.0,0.0,945.9565325927734,96.94318437576294,99.05117797851562,85.22578259113561,225.29538430765473,3.9362152611550663
55,5600.0,0.0,997.8834051513672,97.18398022651672,98.88242238759995,94.95823312211644,226.24265673731196,6.9774617266996035
56,5700.0,0.0,968.6525939941406,92.82748645544052,97.91883540153503,87.49202985277738,229.68887602161973,5.793548841498492
57,5800.0,0.0,925.7617828369141,97.1497192978859,99.41615670919418,86.51229267755807,230.65239703279727,5.649737379790322
58,5900.0,0.0,998.4066467285156,97.73694270849228,99.43823140859604,95.93559303486214,231.35511752395382,1.7987476953116985
59,6000.0,0.0,989.2732745361328,97.44291800260544,98.85640358924866,87.84225596346342,232.31307204084987,5.9027357460165
60,6100.0,0.0,981.2831915283203,96.72681206464767,98.8557431101799,84.8710369583922,233.56305814805924,6.763518388044823
61,6200.0,0.0,942.8448516845704,97.53837549686432,99.1537099480629,90.56250003418877,234.3873379682766,5.009985285480958
62,6300.0,0.0,997.8903289794922,98.15286922454834,99.69014489650726,89.90909869709262,235.04717447897187,2.8360217303881914
63,6400.0,0.0,1101.7329290771484,96.90408033132553,99.36550575494766,90.89543950018002,236.3802807707498,5.161803881984462
64,6500.0,0.0,1055.637876586914,97.96708327531815,99.61758428812027,89.95717860660048,237.2219989399535,7.256298769983805
65,6600.0,0.0,989.1146783447266,95.2085309624672,98.96890437602997,88.15364837504728,238.99641764835863,8.34884753758587
66,6700.0,0.0,1079.2427697753906,96.35420936346054,98.81195330619812,86.01332082390746,240.08388458547714,22.58252423429319
67,6800.0,0.0,1102.4708673095704,98.03068101406097,99.57511901855469,88.56038206845352,240.81655795908236,1.9392070409227606
68,6900.0,0.0,962.1588000488281,94.7419496178627,98.96289259195328,94.63210141441978,243.88553476955215,9.583696976179267
69,7000.0,0.0,1094.892813720703,96.05021351575851,99.41846823692322,93.60428826195415,246.6079331308842,5.838773181201481
70,7100.0,0.0,1158.4483032226562,97.04792684316635,99.02853584289551,94.00990596023654,247.67066487198474,16.418634029926675
71,7200.0,0.0,1042.9620654296875,96.75634241104126,98.9454380273819,94.2386521827327,248.79059801282963,4.426712259960795
72,7300.0,0.0,1100.404384765625,97.6276261806488,99.68029308319092,89.13595408479127,249.4927473047189,4.16102883546754
73,7400.0,0.0,1180.683182373047,98.19713300466537,99.51015651226044,96.63292924032146,250.20619291861456,5.114649941190008
74,7500.0,0.0,1112.8349383544921,97.05372196435928,97.71827900409698,94.60088357332192,251.49948808804737,10.349130152341111
75,7600.0,0.0,1101.7041705322265,97.42122626304626,99.43824994564056,94.01550792188756,252.62075469224325,5.4685449908125054
76,7700.0,0.0,1090.5011901855469,98.40883702039719,99.18974286317825,97.38207575690501,253.31570543960976,5.865680391963527
77,7800.0,0.0,1133.6343627929687,93.77780795097351,98.45508050918579,92.98115770069263,256.6153503964428,7.422614050872326
78,7900.0,0.0,1053.5768505859376,97.17421740293503,99.60368204116821,92.33869400742019,257.5324332061272,9.450146310002118
79,8000.0,0.0,1137.8055743408204,97.85899126529694,99.57258176803589,97.728730465031,258.2768140473319,5.504597586455613
80,8100.0,0.0,1158.5387176513673,97.97369313240051,99.20253503322601,92.93241695122998,259.1492244699412,3.7140539114513405
81,8200.0,0.0,1155.2798638916015,96.83793640136719,99.46434372663498,89.50255334471836,260.29502898795056,7.462909338509687
82,8300.0,0.0,1040.008003540039,97.8948005437851,99.50509262084961,95.05474704641,261.15470452742716,3.75798736651969
83,8400.0,0.0,1096.9358752441406,98.22349059581757,99.6988782286644,94.09169229587816,261.7568409226734,5.690920907056027
84,8500.0,0.0,1246.2973681640624,97.68008190393448,99.58756762742996,94.48744191830096,262.7398661900606,4.021832080631894
85,8600.0,0.0,1179.271483154297,97.95291376113892,99.73099112510681,94.2117740737453,263.6465689725101,4.845375720523013
86,8700.0,0.0,1123.4103845214843,95.57763475179672,99.30021315813065,92.22130346158401,265.4325547756006,4.855468468213228
87,8800.0,0.0,1218.0793530273438,96.39773505926132,98.85469186306,91.04095829474423,266.5431461956818,24.643983016159847
88,8900.0,0.0,1217.4717907714844,98.38902568817139,99.67031943798065,93.0140718790949,267.1148792846882,2.933942692037531
89,9000.0,0.0,1047.8189385986327,94.97544437646866,98.91484749317169,97.08863636639235,270.46935244428806,17.91152682046843
90,9100.0,0.0,1173.943780517578,96.09158170223236,99.53205591440201,96.21958082641144,272.9159245016674,5.175891633216193
91,9200.0,0.0,1186.5881805419922,97.46334207057953,99.46922075748444,96.18212936337684,273.67910995186213,12.962103331679819
92,9300.0,0.0,1127.6396612548829,97.58247250318527,98.93805807828903,96.77929607355574,274.7372053326446,5.77216158560763
93,9400.0,0.0,1228.6501586914062,97.68120950460434,99.75297391414642,93.70192008903634,275.2999936368099,7.411000475202535
94,9500.0,0.0,1249.5695153808595,98.80775362253189,99.55821388959885,97.74978598996603,275.8713050003208,4.211679120848491
95,9600.0,0.0,1221.7566827392577,97.4597994685173,98.01682847738266,95.67000406326274,277.259227820357,5.590120854008534
96,9700.0,0.0,1203.2802325439452,97.96354633569717,99.56086611747742,95.37952852858801,278.28848822317156,3.5297927464125722
97,9800.0,0.0,1204.3038616943359,98.66069865226746,99.40449094772339,98.41774276280705,278.76873691013617,8.523212852770843
98,9900.0,0.0,1258.5607342529297,94.13419437408447,98.81993126869202,93.70557422335465,281.73120435084627,6.372658713903802
99,10000.0,0.0,1151.3120281982422,97.46829921007156,99.71601003408432,95.19595925367385,282.71449165269615,4.590160517790371
100,10100.0,0.0,1205.9478369140625,98.46515971422195,99.68562644720078,98.46049180662556,283.35682881876477,1.711553574028216
101,10200.0,0.0,1212.746768798828,98.22356075048447,99.3421294093132,94.41614272149289,283.99397132548097,3.279691966976468
102,10300.0,0.0,1198.7465161132814,97.3943841457367,99.17146635055542,92.33481917571171,285.04589077321526,7.80131348663842
103,10400.0,0.0,1131.7215911865235,98.02208352088928,99.63361918926239,97.04601553804872,285.6521310242261,3.691253382784981
104,10500.0,0.0,1173.4876428222656,98.62576097249985,99.79496479034424,96.66201599820249,286.0237384795252,2.520740202873383
105,10600.0,0.0,1340.7291381835937,98.16716212034225,99.67543113231659,96.37832958550729,286.7845216498811,2.640016620047505
106,10700.0,0.0,1267.3664953613281,98.62502008676529,99.80363321304321,95.05359971127936,287.3798385701099,3.361357897693684
107,10800.0,0.0,1238.2105346679687,96.16175019741058,99.50237637758255,94.43514742284643,288.9687421670037,4.115623939687651
108,10900.0,0.0,1319.2293383789063,96.64714670181274,99.0799269080162,94.50298749805397,289.9758375390258,28.277967023312353
109,11000.0,0.0,1291.4255065917969,97.97333866357803,99.71036374568939,94.98959297545012,290.6756153811333,5.306278017042582
110,11100.0,0.0,1141.5546606445312,95.39508926868439,99.27758544683456,97.48359517056538,293.38279453379613,12.387239104758185
111,11200.0,0.0,1295.1358081054686,96.55124711990356,99.64204734563828,97.07996097424503,295.5660795175809,3.654359503626152
112,11300.0,0.0,1314.6475244140624,98.00037038326263,99.72095912694931,97.28087527797153,296.23613858170586,9.26054805507968
113,11400.0,0.0,1277.2694885253907,97.71958476305008,99.15118569135666,97.29740751350006,297.12001287941575,5.300909415490092
114,11500.0,0.0,1349.5950354003905,98.18779289722443,99.82288801670074,95.32781365699984,297.65604377066455,2.828780841915919
115,11600.0,0.0,1319.8345703125,99.01898270845413,99.79755938053131,98.45082586147787,298.08896100063464,4.827649124689923
116,11700.0,0.0,1335.58794921875,97.72830027341843,98.37966066598892,97.34197615240365,299.37760626302975,9.948297107260151
117,11800.0,0.0,1311.957774658203,98.2085952758789,99.65066915750504,97.2989643240551,300.11158930451643,3.1030364379764275
118,11900.0,0.0,1312.6079400634765,98.77966928482056,99.46928638219833,98.71854481650351,300.53205994650335,2.833552218136259
119,12000.0,0.0,1422.4320458984375,94.95955920219421,98.98532903194427,95.13492613526103,303.15525804450044,4.666772387794567
120,12100.0,0.0,1273.6554150390625,98.0800604224205,99.79684072732925,96.72240076354743,303.84161335112304,3.45243339906443
121,12200.0,0.0,1311.4133911132812,99.13600450754166,99.76696091890335,98.72033303757178,304.26847350240286,1.860515663058823
122,12300.0,0.0,1342.8213342285155,98.17011374235153,99.50748282670975,96.02284485260218,304.8231308951912,4.4883602239684075
123,12400.0,0.0,1309.24689453125,97.80161833763123,99.32011222839355,94.24646766834672,305.83529011908695,5.240787267077997
124,12500.0,0.0,1185.2772344970704,98.11818504333496,99.68064349889755,96.91615378549892,306.64357041698656,3.112258307327127
125,12600.0,0.0,1270.231531982422,98.56904911994934,99.86100399494171,97.7813749901473,307.0269388728706,1.9544968213822034
126,12700.0,0.0,1435.1873657226563,98.48200124502182,99.72154623270035,97.82042890887443,307.76592181868784,3.2991249463895205
127,12800.0,0.0,1391.04845703125,98.7306467294693,99.81825935840607,95.8116391244535,308.29618270551475,3.2559063536105195
128,12900.0,0.0,1350.3534155273437,96.7761218547821,99.51869654655457,96.06923837405604,309.4594718960388,4.27765372888675
129,13000.0,0.0,1467.7808312988282,97.60157990455627,99.45130658149719,95.50689733062305,310.2255900205086,19.419113854723054
130,13100.0,0.0,1448.2533422851564,98.35149437189102,99.8257811665535,95.8678566208204,310.89064125469406,5.681917092775199
131,13200.0,0.0,1267.0801293945312,95.90688645839691,99.36848318576813,98.37749470175824,313.3808427892832,11.16758092772347
132,13300.0,0.0,1426.6565576171874,96.8684846162796,99.67469251155853,97.30330942633098,315.27895714555814,7.7392481460069185
133,13400.0,0.0,1448.6854858398438,98.1277642250061,99.65915495157242,97.73430298038987,316.03662881329564,5.9777192045664895
134,13500.0,0.0,1314.4262145996095,98.26335120201111,99.40821838378906,98.28718331788535,316.67083439125537,6.120604067419408
135,13600.0,0.0,1372.6865893554686,98.35274124145508,99.84863895177841,95.49368729972218,317.16509579398314,1.573633883002992
136,13700.0,0.0,1413.8254797363281,99.26006978750229,99.81550258398056,99.06204605847401,317.57211645856535,3.5670071063037216
137,13800.0,0.0,1422.700692138672,98.25953584909439,98.65153920650482,97.03932222531776,318.6842790016963,6.67098633846153
138,13900.0,0.0,1402.3737463378907,98.44545578956604,99.77982425689697,97.0279525421075,319.31627236504437,2.294811787372169
139,14000.0,0.0,1410.5616760253906,98.92704409360886,99.50559455156326,98.51722338526872,319.9051340418906,0.9555747940348086
140,14100.0,0.0,1519.0345703125,95.4229434132576,99.12803536653519,96.1990589622719,322.17775582861634,4.327564619887572
141,14200.0,0.0,1386.192137451172,98.51307159662247,99.82302260398865,96.89140273101332,322.7698611312644,6.716202657799217
142,14300.0,0.0,1441.5592565917968,99.05665522813797,99.8476111292839,99.44100296843811,323.1583446299314,0.3240931015982693
143,14400.0,0.0,1432.5135900878906,98.51209616661072,99.59836274385452,96.30487877263373,323.7177430399902,3.289289263449844
144,14500.0,0.0,1470.5833947753906,97.70273917913437,99.57876199483871,95.64208770968885,324.6743306366799,5.272636970531756
145,14600.0,0.0,1350.2834411621093,98.50866997241974,99.70195454359055,97.73387920797754,325.25180073561745,1.8988953925952314
146,14700.0,0.0,1423.0628369140625,98.7666563987732,99.80934923887253,97.91885950687916,325.6764151793322,3.698680009736348
147,14800.0,0.0,1536.298338623047,98.15939617156982,99.77472400665283,98.4069906958298,326.5016802369626,3.172182752664942
148,14900.0,0.0,1512.1636743164063,98.38688439130783,99.83928805589676,96.80328025472969,327.141938275853,4.106778922223109
149,15000.0,0.0,1458.3310021972657,97.22130215167999,99.42652970552444,95.72268538808481,328.1696584990622,3.6184297925043234
150,15100.0,0.0,1557.5638708496094,97.50898945331573,99.27363234758377,96.61174673259531,329.0810806626536,11.968481685716648
151,15200.0,0.0,1481.7727844238282,98.70213621854782,99.82785505056381,96.19324044466104,329.60396700477315,3.1988997790397895
152,15300.0,0.0,1372.4451989746094,96.66855525970459,99.38929241895676,98.90136479911158,331.3802489887769,7.3308281768967865
153,15400.0,0.0,1513.1590002441405,97.49946755170822,99.7458678483963,97.1348658143221,332.8468433532745,6.277635824501729
154,15500.0,0.0,1571.7519213867188,98.30742156505585,99.81538289785385,98.0114713793877,333.610847156469,7.679061163594079
155,15600.0,0.0,1481.4700329589843,98.33906686306,99.29615616798401,98.19970561450481,334.2199578901306,4.445071502810818
156,15700.0,0.0,1543.6326940917968,98.16178506612778,99.88739746809006,97.1409382945828,334.64543755604046,6.1612576331418625
157,15800.0,0.0,1528.0691467285155,98.8168335556984,99.82582485675812,98.92245804785624,335.23825633296195,3.6154671748954796
158,15900.0,0.0,1553.8456188964844,98.50382947921753,99.0718731880188,98.07670036499357,336.2884516406478,10.665398402486906
159,16000.0,0.0,1543.577646484375,98.48291087150574,99.68004769086838,97.90517217121165,336.9832021719038,4.097838090951883
160,16100.0,0.002,657.6541989135742,98.26417273283005,99.51331359148026,98.79967737692928,336.34374347584384,8.994242355903735
161,16200.0,0.002,480.6381088256836,95.37320095300674,99.01264941692352,95.7982286184836,337.5951825770146,4.9979894204470945
162,16300.0,0.002,307.60207962036134,97.74818241596222,99.74423944950104,96.78193102314805,338.0698534306503,4.611533158639885
163,16400.0,0.002,274.9502926635742,98.41754859685898,99.79990988969803,98.59792362630436,338.58172495007454,5.437134185451793
164,16500.0,0.002,252.0558447265625,98.00212728977203,99.44169503450394,95.79735793149604,339.1441754527576,4.6462403728039074
165,16600.0,0.002,241.8045588684082,97.75960904359818,99.6315233707428,95.38990988998995,340.14222971359607,3.500033502302974
166,16700.0,0.002,214.30352081298827,98.61178839206696,99.69881093502045,97.9290977497683,340.5398983618131,1.1690717831626019
167,16800.0,0.002,195.16371322631835,98.63908052444458,99.72462975978851,97.76923689239865,340.8525794291124,4.44743706065196
168,16900.0,0.002,218.53882537841798,98.4199138879776,99.79307150840759,98.37863394110413,341.6415568174763,1.6078863018025382
169,17000.0,0.002,190.665350189209,98.67091596126556,99.82849377393723,96.6843676950612,342.2047585976673,3.5530835877882048
170,17100.0,0.002,225.85808685302734,96.54353773593903,99.52715063095093,95.95717625298896,342.970220991241,3.083933200464929
171,17200.0,0.002,208.05721130371094,97.45970815420151,99.46641367673874,96.47470402950253,343.8046798346941,16.790218156116893
172,17300.0,0.002,191.99165786743163,98.51335799694061,99.84473431110382,96.5184920897783,344.292961546136,1.4004175013886384
173,17400.0,0.002,208.31813247680665,96.98373401165009,99.40354007482529,98.75402942469385,345.92140467790756,3.911535836940552
174,17500.0,0.002,212.95051956176758,97.62422293424606,99.7786894440651,97.95581605478847,347.45052896534605,3.880014913281213
175,17600.0,0.002,180.0178128051758,98.73917508125305,99.77461129426956,98.40442769872827,347.88617163623644,4.573258806407729
176,17700.0,0.002,189.69251678466796,98.4191500544548,99.30900603532791,98.13087389852751,348.5974831475692,1.8056529908817285
177,17800.0,0.002,180.67282455444337,98.36624675989151,99.85243666172028,96.48452938634232,349.01883923671636,3.520937314113543
178,17900.0,0.002,163.25718338012695,99.35842072963715,99.78151178359985,98.85904676634135,349.3363248134838,3.4667304437653628
179,18000.0,0.002,181.05680786132814,98.32080006599426,98.68183368444443,97.83396645090853,350.45084164515185,3.3945447345003603
180,18100.0,0.004,151.05748474121094,98.24843227863312,99.64483827352524,97.58319782436163,351.18956384099346,1.8296112545242498
181,18200.0,0.004,128.33325149536134,98.66783064603806,99.45621263980865,98.68740728572777,351.6805093929357,2.4907849894549807
182,18300.0,0.004,161.85991523742675,95.82153582572937,99.25813001394272,96.67399888448867,353.8666545331726,5.040469891281154
183,18400.0,0.004,122.9471314239502,98.24524885416031,99.75239098072052,97.07205219481595,354.49009536629194,5.989246043769562
184,18500.0,0.004,119.33782829284668,98.86017680168152,99.8525983095169,99.00070627664876,354.8658171868195,4.010812387977854
185,18600.0,0.004,117.03894477844239,98.0365948677063,99.37794452905655,95.67308435665201,355.63795249054243,4.853740317630852
186,18700.0,0.004,117.12955596923828,97.88827276229858,99.70367383956909,95.90507459077381,356.70932147313766,4.7675388683404005
187,18800.0,0.004,108.287250289917,98.71819508075714,99.70864474773407,97.94731754718511,357.2123099616278,2.4747684261474303
188,18900.0,0.004,104.0289443206787,98.54986345767975,99.7618111371994,97.96399157913628,357.61917939074556,2.7248580558618047
189,19000.0,0.004,110.86323013305665,98.65280902385712,99.78076606988907,97.84571650031425,358.50593742128166,2.5871104853930422
190,19100.0,0.004,110.2083203125,98.40753769874573,99.88084757328033,95.96843947432427,359.2491213766364,5.097998596193404
191,19200.0,0.004,121.14053611755371,96.78786736726761,99.5281212925911,95.58556718047164,360.11704098955045,4.61792548690713
192,19300.0,0.004,113.80815216064452,97.65485697984695,99.51266354322433,96.35395837697958,361.0087074490828,10.561136294710202
193,19400.0,0.004,103.32412254333497,98.61405569314957,99.88602793216705,96.3845748473859,361.43390160270553,3.3316336208861617
194,19500.0,0.004,113.94392120361329,97.45335710048676,99.32253682613373,98.4147166294444,363.06206323856935,6.744154507468055
195,19600.0,0.004,116.97683631896973,97.7010029554367,99.75730836391449,97.79187650326483,364.52990068983115,8.410550728232986
196,19700.0,0.004,110.24540817260743,98.2367531657219,99.80985468626022,97.7374202903789,365.367951999896,2.465929024275289
197,19800.0,0.004,115.11911476135253,97.87412571907043,99.27914583683014,97.844556519661,366.18488889646454,2.922913316376333
198,19900.0,0.004,104.85532890319824,98.39087063074112,99.89936190843582,97.35108013211362,366.7637540540769,3.6990441803816094
199,20000.0,0.004,98.67649551391601,99.17774736881256,99.78621506690979,98.53560030710884,367.10440118433115,3.6819418044391132
200,20100.0,0.006,100.75668724060058,98.09538930654526,99.07882672548294,97.61503326564552,368.1603499842269,4.97333305273656
201,20200.0,0.006,93.78869293212891,98.41715359687805,99.7121512889862,97.43798041630205,368.84453343565104,4.081519442484697
202,20300.0,0.006,87.89383590698242,98.5713529586792,99.5431380867958,98.3500445928628,369.3937394684287,6.2247935552344895
203,20400.0,0.006,106.00090042114257,95.7409371137619,99.23418992757797,96.59592930201063,371.6443353227922,7.634397539991565
204,20500.0,0.006,86.10899612426758,98.34447640180588,99.7754510641098,97.466363687845,372.3415745200939,6.074427580218742
205,20600.0,0.006,84.49850616455078,99.0503362417221,99.83946239948273,98.7809744903579,372.74393158183705,1.3348786815087785
206,20700.0,0.006,82.86245918273926,98.3746247291565,99.56106042861938,96.73431271852841,373.26964818567615,2.4899162163231514
207,20800.0,0.006,84.62543022155762,97.57705336809158,99.54590040445328,96.2051505966635,374.5634060657571,4.187684030482006
208,20900.0,0.006,80.94771278381347,98.53762328624725,99.66395145654678,98.46380697140988,375.0987571382453,5.959505731876259
209,21000.0,0.006,77.55714866638183,98.43587327003479,99.85933881998062,97.52481506769014,375.5251282675378,4.8344861546111995
210,21100.0,0.006,82.8059741973877,98.62416565418243,99.75802230834961,98.2278720234291,376.3533766848931,2.515398657410724
211,21200.0,0.006,78.90877899169922,98.70687514543533,99.87762516736984,97.11152624518184,376.8850333252453,1.2651295475975295
212,21300.0,0.006,85.06425289154053,97.04368132352829,99.60721677541733,96.27933057487971,377.73933605634056,2.665671153322845
213,21400.0,0.006,83.96117164611816,97.75338762998581,99.67173373699188,95.91030112006207,378.62474771926577,10.08025525528541
214,21500.0,0.006,76.21979957580567,98.60462242364883,99.88460701704025,95.94610329672184,379.0907592323623,3.6595298522253947
215,21600.0,0.006,89.66066375732422,97.04529571533203,99.478699862957,98.753377509605,380.7838555491417,4.473312209308719
216,21700.0,0.006,87.4644790649414,98.06048029661179,99.73128670454025,97.47572482827964,382.17010043031826,5.008317466002843
217,21800.0,0.006,82.42381309509277,98.27236354351044,99.79424631595612,97.8039102324969,382.8627704038202,6.355569186260312
218,21900.0,0.006,85.05522651672364,97.8510165810585,99.41193401813507,98.31466074970001,383.6606377965658,6.468127050338177
219,22000.0,0.006,80.5129158782959,98.25814592838287,99.84219408035278,97.07770098436859,384.1172033323699,4.153199368808299
220,22100.0,0.008,71.6248205947876,99.01404935121536,99.83236771821976,98.66660018929755,384.5253559736525,3.5726517280358254
221,22200.0,0.008,75.44702075958251,98.06474870443344,98.91816800832748,97.86686909792063,385.609804827978,5.6393580838687045
222,22300.0,0.008,72.08755962371826,98.56167274713516,99.62691640853882,97.28205329662961,386.45330721910847,3.1932835036279434
223,22400.0,0.008,70.35471408843995,98.6066330075264,99.6054978966713,98.45537858670976,386.98183675034954,5.210690763631738
224,22500.0,0.008,87.80910095214844,96.00831025838852,99.14070999622345,96.4321210214719,389.40176163944005,6.756300517782844
225,22600.0,0.008,72.45555297851563,98.09973335266113,99.80195218324661,96.63624783377709,390.1074858190882,5.952522442470546
226,22700.0,0.008,68.93548999786377,99.01379227638245,99.85427343845367,99.01371506246129,390.47100475692224,2.9235030380786475
227,22800.0,0.008,67.6238510131836,98.24457955360413,99.55713933706284,96.10372523287114,391.06430727518284,3.1985926206550075
228,22900.0,0.008,65.85959331512451,98.15290528535843,99.75619441270828,96.15356353353603,391.9711984790322,5.971978683167197
229,23000.0,0.008,64.68129871368409,98.62718451023102,99.8171454668045,98.49710325885606,392.4257827374821,2.513044668123193
230,23100.0,0.008,63.97603908538818,98.62092864513397,99.84077143669128,97.89724514503476,392.7729702782728,2.3572825830252326
231,23200.0,0.008,66.56008396148681,98.51943039894104,99.83736318349838,97.6661749133649,393.48337866925016,2.951340391880318
232,23300.0,0.008,64.40250061035157,98.81171959638596,99.87563729286194,96.74015132805437,394.00348485774504,3.7855992587722813
233,23400.0,0.008,71.75556308746337,96.82239466905594,99.64435940980911,95.58954973837822,394.9446258904987,3.249800552373899
234,23500.0,0.008,68.31891178131103,97.69272553920746,99.58352786302567,96.18060837577535,395.8166925551862,12.178041905415347
235,23600.0,0.008,66.96248268127441,98.59604477882385,99.86208522319794,97.02939315968727,396.2887874579364,5.040555499447623
236,23700.0,0.008,72.81945896148682,97.04102391004562,99.30084025859833,98.75806228597938,397.94197554049646,4.97834484189352
237,23800.0,0.008,73.65981254577636,97.76583749055862,99.7993214726448,98.11439787850662,399.4688804726968,4.557430869791864
238,23900.0,0.008,67.0957621383667,98.44077283143997,99.76034075021744,97.95160685069204,400.10230473000064,4.6821110850324565
239,24000.0,0.008,71.20557903289794,98.13574105501175,99.34295600652695,98.35593241405196,400.8971664744534,3.0336419387079574
240,24100.0,0.01,64.67527503967285,98.15678304433823,99.85784488916397,97.18054916121537,401.31645009176975,5.901899983282738
241,24200.0,0.01,60.24974437713623,99.15970945358276,99.80997985601425,98.84600486260204,401.7018689120332,3.8925469507398156
242,24300.0,0.01,64.82714054107666,98.33365058898926,98.96741861104965,97.96893909995991,402.8257705757513,8.931059757529761
243,24400.0,0.01,62.627249031066896,98.31701159477234,99.66853761672974,97.37420533045625,403.63750280189845,4.343825971706454
244,24500.0,0.01,59.18634536743164,98.96073204278946,99.62764972448349,98.73833680237071,404.0831951781104,6.3860123015741905
245,24600.0,0.01,73.40237033843994,96.38132756948471,99.37180143594742,96.71043613762684,406.1016071008293,6.140867812614263
246,24700.0,0.01,61.96656929016113,98.33465212583542,99.8347874879837,97.34568742302139,406.6875423646536,4.485639207252147
247,24800.0,0.01,59.877317581176754,98.98212802410126,99.8283302783966,98.83208545020295,407.13306770397514,1.8777489567338044
248,24900.0,0.01,59.21652587890625,98.34596633911133,99.62702971696854,96.51814605286246,407.67045276874694,3.7371721526381623
249,25000.0,0.01,60.05594779968262,97.84280943870544,99.7148208618164,96.51780005670726,408.57647408663047,5.27473875659218
250,25100.0,0.01,59.0635506439209,98.36792296171188,99.74472868442535,98.18914551713937,409.1609936538849,6.174396629679246
251,25200.0,0.01,56.94077545166016,98.52030748128891,99.79073560237885,98.02529845278833,409.4624090148491,2.719183748619946
252,25300.0,0.01,60.11114902496338,98.58495956659317,99.84358578920364,98.0486202776719,410.2104597064601,2.6286529769853955
253,25400.0,0.01,58.823109741210935,98.6698328256607,99.88945120573044,97.21026954445307,410.74258084420745,4.621998866077627
254,25500.0,0.01,65.51477714538574,96.68138813972473,99.56078988313675,96.13769091042494,411.69509676965276,3.501303031522552
255,25600.0,0.01,61.38930744171142,97.73330742120743,99.54724568128586,96.37859280372467,412.4756137542431,11.540537348743836
256,25700.0,0.01,57.02846694946289,98.6654434800148,99.86679977178574,96.82890878813629,412.91438404818757,5.271274760015998
257,25800.0,0.01,63.92080944061279,97.51197218894958,99.51023828983307,98.98835459398249,414.363694395715,9.832577283995787
258,25900.0,0.01,62.81397487640381,98.20519828796387,99.81267881393433,97.84426387828995,415.7593185091171,3.788438199734144
259,26000.0,0.01,57.72958808898926,98.45415961742401,99.84409695863724,98.17417661939015,416.28337026036127,5.9897053689020945
260,26100.0,0.012,62.29683967590332,97.81349408626556,99.38091593980789,97.99794610864376,417.09943611356556,5.011443455937271
261,26200.0,0.012,58.93675762176514,98.15235263109207,99.85654497146606,97.06118855905281,417.60500382053016,3.790996052119309
262,26300.0,0.012,55.17431125640869,98.85906797647476,99.83074975013733,98.5466632786051,418.0296374596825,3.5320666129843925
263,26400.0,0.012,58.661362113952634,98.12497729063034,99.00991863012314,97.95241983460768,419.1101141246164,4.972521333564667
264,26500.0,0.012,57.93145351409912,98.25003099441528,99.76180815696716,97.42208760432281,419.76909468308827,4.568138190909133
265,26600.0,0.012,54.963804740905765,98.61986190080643,99.62504643201828,98.82049052153207,420.27536931224466,3.088515457825244
266,26700.0,0.012,66.99975219726562,96.56128853559494,99.33406454324722,95.73737820460143,422.0875944428574,4.9098752171976985
267,26800.0,0.012,55.43051105499268,98.35417437553406,99.81695020198822,97.47683352773748,422.74571221130174,4.623043388166971
268,26900.0,0.012,53.38840087890625,98.93994241952896,99.84138643741608,99.28141679695156,423.13933477728364,3.4004381418619776
269,27000.0,0.012,53.53855480194092,98.31613403558731,99.66841143369675,97.09197277624729,423.62494396236303,2.4683851019044023
270,27100.0,0.012,53.43326034545898,98.09153944253922,99.72730958461761,96.44334853980355,424.38185407966324,3.486231607631822
271,27200.0,0.012,53.16580158233643,98.54873478412628,99.75144475698471,98.51646851147,424.90289819555676,5.120994326849664
272,27300.0,0.012,52.09708080291748,98.53096026182175,99.88497185707092,97.99460990221579,425.22762917283205,3.7700646304230747
273,27400.0,0.012,54.75603332519531,98.54767042398453,99.8609190583229,98.09372631905075,425.79078214931684,4.8935942202162614
274,27500.0,0.012,52.74187267303467,98.62527638673782,99.89066088199615,97.00847084074532,426.3897628896792,2.0208582817990566
275,27600.0,0.012,56.49099262237549,97.08348095417023,99.60459929704666,96.4211548416723,427.195327178227,4.058593299121746
276,27700.0,0.012,55.795872383117675,97.63432103395462,99.67171561717987,96.68608031915666,427.9453635921248,11.028314658345362
277,27800.0,0.012,53.02092849731445,98.69468331336975,99.85236704349518,97.19125362164172,428.3155221890765,3.2167447114541394
278,27900.0,0.012,59.0296573638916,97.52989560365677,99.51845091581345,98.57360456921113,429.8952225304205,6.552222586056891
279,28000.0,0.012,58.678670501708986,98.13153743743896,99.80709671974182,97.86517284204399,431.01389318845264,6.330329853879045
280,28100.0,0.014,51.821642036437986,98.47052258253098,99.84463894367218,98.2491648518336,431.530279433872,7.631657615186985
281,28200.0,0.014,54.481954154968264,98.00440162420273,99.36059057712555,98.31033304119187,432.3283367981475,6.935740805966625
282,28300.0,0.014,54.49648151397705,98.04970389604568,99.85821026563644,97.56574859128185,432.8560796043203,4.49747522877753
283,28400.0,0.014,50.87348777770996,98.97445303201675,99.85075807571411,98.9398882972297,433.2406576969464,4.1519885798939
284,28500.0,0.014,55.07337997436523,98.20023840665817,99.18620032072067,98.23000948134938,434.2769371766193,5.990996793235383
285,28600.0,0.014,53.148525123596194,98.50480651855469,99.71548247337341,97.24629450836144,434.93999575192106,3.4353818287658564
286,28700.0,0.014,51.25943744659424,98.54275715351105,99.64440709352493,98.92444209188447,435.43212841880194,4.352094319224833
287,28800.0,0.014,60.02633754730225,96.23952257633209,99.1889778971672,96.66901150155145,437.2182591209234,5.151106269219878
288,28900.0,0.014,52.749739227294924,98.35795080661774,99.82338833808899,97.64166434922048,437.8511932069865,6.684839889319375
289,29000.0,0.014,51.27160675048828,98.9802634716034,99.83685851097107,99.19277825229244,438.2577160080491,2.883540706179778
290,29100.0,0.014,50.98658802032471,98.1638172864914,99.54570055007935,96.67128555108951,438.86963839693107,2.275291381400337
291,29200.0,0.014,50.26402416229248,97.84489142894745,99.78067457675934,96.2977299540676,439.68327158885774,4.427936141497983
292,29300.0,0.014,50.2734387588501,98.47027176618576,99.816251039505,98.35929864658068,440.14331161505646,3.7645997007540752
293,29400.0,0.014,48.335404586791995,98.51441937685013,99.80786675214767,97.41147850337049,440.55928380911155,4.426930818777126
294,29500.0,0.014,51.165680465698244,98.60211259126663,99.78450137376785,97.78748940682766,441.17605445296283,2.608523828135424
295,29600.0,0.014,50.49853378295899,98.68282318115234,99.89087289571762,97.23237103885356,441.58217995429305,6.710508875727113
296,29700.0,0.014,53.90387508392334,96.94269722700119,99.68436199426651,96.9361043797282,442.47642403693885,2.1276334375350365
297,29800.0,0.014,52.315930404663085,97.91301846504211,99.66410654783249,96.41395352372191,443.13022760849316,8.557780848029918
298,29900.0,0.014,48.341359825134276,98.69046545028687,99.91519069671631,97.16059491366603,443.49507361009864,4.93859205163212
299,30000.0,0.014,52.41489856719971,97.53377991914749,99.38496106863022,97.94809745184652,444.82303721055877,4.190788836538788
300,30100.0,0.016,53.130637855529784,97.9618108868599,99.73671251535416,97.8229034717626,446.15344742293973,5.947385355794309
301,30200.0,0.016,49.5613973236084,98.47702944278717,99.85053503513336,98.42160617592116,446.70096126394515,6.662792605239015
302,30300.0,0.016,51.47252857208252,98.118088722229,99.4814522266388,98.23183041545111,447.3725266158002,3.418573416089864
303,30400.0,0.016,49.27684257507324,98.08318543434143,99.911760866642,97.54135733948505,447.78780199695296,6.080077745901157
304,30500.0,0.016,46.59412796020508,98.9689353108406,99.81755828857422,98.82647084166473,448.254147419474,5.11254860739947
305,30600.0,0.016,52.38736541748047,97.88019996881485,98.8992081284523,98.30659699378033,449.29712466578786,6.234616961373029
306,30700.0,0.016,49.185437965393064,98.40787774324417,99.72686553001404,97.5884879973456,449.9159386012248,7.735675554899461
307,30800.0,0.016,47.68840129852295,98.66313517093658,99.6325089931488,98.55916631639268,450.4416901453617,7.209820548425574
308,30900.0,0.016,57.273970222473146,95.95389086008072,99.38659882545471,96.80996109561997,452.009844179973,3.523340019626633
309,31000.0,0.016,49.448138046264646,98.1091039776802,99.86368191242218,97.17530818611158,452.6058146961674,7.246381437797975
310,31100.0,0.016,48.223119239807126,99.06634908914566,99.88184249401093,98.73525816540281,452.9818623427323,3.0073094333627446
311,31200.0,0.016,48.22575416564941,98.16586816310883,99.59175783395767,96.7693939153503,453.5452825554699,0.914117866156712
312,31300.0,0.016,48.20072845458984,97.98702961206436,99.76662677526474,96.72789369803547,454.1641868985043,3.714710939254107
313,31400.0,0.016,47.292493629455564,98.43386572599411,99.76434063911438,98.87574027788857,454.5544676642713,3.1092872313700775
314,31500.0,0.016,45.29582698822021,98.5129867196083,99.82087689638138,97.99428343766571,454.8733898705132,2.685767342427258
315,31600.0,0.016,47.522339973449704,98.56822007894516,99.78665482997894,97.83131708610996,455.50474530132516,2.304129758082438
316,31700.0,0.016,47.27576103210449,98.59108060598373,99.89684671163559,97.12217056434105,455.9909641912364,3.8886148675544936
317,31800.0,0.016,50.15924892425537,96.97985816001892,99.63258367776871,96.52801870596741,456.7653412330726,2.7268716819393006
318,31900.0,0.016,49.20407249450684,97.68486273288727,99.65441060066223,96.86459255044713,457.45026452466834,6.407639090048563
319,32000.0,0.016,45.71818302154541,98.7140246629715,99.90530347824097,97.01518280210198,457.85728427563424,4.0518657930052395
320,32100.0,0.018000000000000002,48.90653423309326,97.70227175951004,99.55878472328186,98.08054457742142,459.1354315998327,7.525607990964716
321,32200.0,0.018000000000000002,50.836703071594236,98.21727848052979,99.84014934301376,97.69405498900247,460.4660304919951,8.139639744288498
322,32300.0,0.018000000000000002,46.497271614074705,98.52340090274811,99.8291272521019,98.42755845119375,461.0425597160833,8.31500785555202
323,32400.0,0.018000000000000002,48.232993049621584,97.92948228120804,99.5733128786087,98.0371116360484,461.73537495076727,5.732888653895619
324,32500.0,0.018000000000000002,47.52177936553955,98.11798804998398,99.82619041204453,97.35290323069296,462.2092527984972,6.599732565818146
325,32600.0,0.018000000000000002,45.2085652923584,98.96150404214859,99.79626405239105,98.76331558587057,462.6200010091014,6.315865593133255
326,32700.0,0.018000000000000002,47.32044620513916,98.2141318321228,99.26596593856812,98.25207541308693,463.4149635468173,6.2900325356039515
327,32800.0,0.018000000000000002,47.25555164337158,98.28714787960052,99.7449569106102,97.56687726092873,464.0082269609439,1.6180369918097666
328,32900.0,0.018000000000000002,45.91866577148438,98.68446850776672,99.66923660039902,98.73120723784287,464.4542212335393,5.808795267308056
329,33000.0,0.018000000000000002,52.784091567993165,96.61721515655518,99.3753599524498,96.69602654550734,466.12243964878144,4.225143446376961
330,33100.0,0.018000000000000002,46.857916831970215,98.16295546293259,99.817901968956,97.08341984068028,466.68663165782743,7.32915479392513
331,33200.0,0.018000000000000002,45.50261379241943,98.96828013658524,99.87523901462555,99.16602927444677,466.9981433296473,2.5563000580014656
332,33300.0,0.018000000000000002,45.41188129425049,98.28407728672028,99.68268495798111,96.72901191718276,467.4054876909571,6.02545614389831
333,33400.0,0.018000000000000002,44.26018131256104,98.18855732679367,99.75333797931671,97.09616200893173,468.0475165973267,2.807281334064963
334,33500.0,0.018000000000000002,43.58024677276612,98.75064408779144,99.75804096460342,98.4009182193215,468.37778523080095,2.2399019935791604
335,33600.0,0.018000000000000002,43.2310294342041,98.43799328804016,99.8687914609909,97.9677786937554,468.74485993517646,3.393576233225897
336,33700.0,0.018000000000000002,45.07710098266602,98.40602564811707,99.85458379983902,97.67226271895517,469.4321206456376,4.507608920824213
337,33800.0,0.018000000000000002,44.754625968933105,98.60758543014526,99.91311764717102,97.32580147780935,469.91588697576736,2.4421244335217414
338,33900.0,0.018000000000000002,47.81583988189697,97.0372906923294,99.59658658504486,96.68399853035191,470.61214328269494,2.529560762556386
339,34000.0,0.018000000000000002,46.03089443206787,97.69892585277557,99.77129745483398,96.8622391530423,471.2407604354059,8.147701015406387
340,34100.0,0.020000000000000004,42.422803764343264,98.41027760505676,99.88918370008469,97.31524625272172,471.6206235816823,6.429248840602053
341,34200.0,0.020000000000000004,47.14492702484131,97.44123315811157,99.6038174033165,98.34139054750268,473.1811319654147,8.17842081742045
342,34300.0,0.020000000000000004,47.50642288208008,98.06939589977264,99.82584512233734,98.09455360188805,474.4165467549835,5.041409754903409
343,34400.0,0.020000000000000004,43.729128952026365,98.36907488107681,99.87119716405869,98.41940225788592,475.00952199652266,7.149147974044517
344,34500.0,0.020000000000000004,45.45178882598877,98.17951744794846,99.36168110370636,98.33826181849442,475.65592567047577,6.875896485431533
345,34600.0,0.020000000000000004,45.87102153778076,97.98252284526825,99.84601843357086,97.31638876026368,476.0702637911296,5.166470437685374
346,34700.0,0.020000000000000004,42.23214282989502,98.99061584472656,99.83773672580719,98.99352593839993,476.4204350516521,5.549684882207547
347,34800.0,0.020000000000000004,45.719439849853515,98.15227025747299,99.18593436479568,97.97134752314578,477.2783716790345,8.521141890907531
348,34900.0,0.020000000000000004,44.851870460510256,98.40825963020325,99.7119956612587,97.8004439650186,477.86044066597776,6.564724130020463
349,35000.0,0.020000000000000004,42.73524208068848,98.7293154001236,99.65491938591003,98.85374873264091,478.3726594462175,6.651765764353486
350,35100.0,0.020000000000000004,51.12352779388428,96.43289488554001,99.34382629394531,96.44982666239028,479.8582846859013,6.629946104639427
351,35200.0,0.020000000000000004,44.71998931884766,98.20194017887115,99.83974373340607,97.31888818221206,480.4573434734479,3.0709162209370846
352,35300.0,0.020000000000000004,42.91359985351563,98.96406090259552,99.87437182664871,99.24157978944918,480.78431534588253,1.0308651633517498
353,35400.0,0.020000000000000004,44.54956214904785,98.13616466522217,99.50616866350174,96.94562731155476,481.3085745425099,7.882390031826486
354,35500.0,0.020000000000000004,44.73210334777832,97.91410011053085,99.71464443206787,96.02369505510168,482.1282586305073,5.689609015932749
355,35600.0,0.020000000000000004,43.58969657897949,98.3280588388443,99.70948398113251,98.6203263040109,482.6663575634103,2.977984517844198
356,35700.0,0.020000000000000004,41.389449729919434,98.39704930782318,99.84630793333054,98.2546549216355,483.01059433194524,3.0318130467447078
357,35800.0,0.020000000000000004,43.517357940673826,98.33386969566345,99.86605513095856,97.72805322949156,483.59279720959853,4.311749197603186
358,35900.0,0.020000000000000004,43.158211097717285,98.4382084608078,99.89732760190964,97.42244706140431,484.0166749993222,4.65706277934734
359,36000.0,0.020000000000000004,46.24391849517822,97.02593636512756,99.6182969212532,96.58324897071556,484.9581549380504,5.307864599687199
360,36100.0,0.022000000000000006,44.23759815216064,97.62909972667694,99.62348800897598,96.83802896578527,485.7418791998849,3.8180702299448517
361,36200.0,0.022000000000000006,41.53025192260742,98.53605395555496,99.8462553024292,97.22984435477102,486.0560322240573,6.592724442535471
362,36300.0,0.022000000000000006,45.50871696472168,97.44266086816788,99.5378845334053,98.31337198932532,487.44740429198316,5.710159420787863
363,36400.0,0.022000000000000006,46.1419609451294,97.92303323745728,99.84682178497314,97.73798972597218,488.74292639645677,5.79978771182257
364,36500.0,0.022000000000000006,42.183449287414554,98.52372610569,99.78399389982224,98.53376498867901,489.20251897011315,7.471553074120151
365,36600.0,0.022000000000000006,43.33837059020996,98.08611810207367,99.46392667293549,98.22081087744125,489.9008996976641,5.170148048566124
366,36700.0,0.022000000000000006,43.055616264343264,98.08917105197906,99.84796863794327,97.59453455428249,490.30233677992334,4.677807856870774
367,36800.0,0.022000000000000006,40.936942672729494,98.90849804878235,99.7995554804802,98.92493311479816,490.6414495372248,3.8017247872953464
368,36900.0,0.022000000000000006,44.97533081054687,98.0579919219017,99.07679361104965,98.64304339433916,491.4919474773208,8.799259779212942
369,37000.0,0.022000000000000006,43.08141571044922,98.22571450471878,99.69100534915924,97.97831504363302,492.1840938572952,6.3923112737324015
370,37100.0,0.022000000000000006,41.41267250061035,98.78586256504059,99.68792849779129,98.7283979511074,492.5351076794133,5.675605866317272
371,37200.0,0.022000000000000006,48.37725227355957,96.68371516466141,99.54798626899719,96.86771201095527,493.8618638087467,4.730074262338287
372,37300.0,0.022000000000000006,42.44814395904541,98.30001187324524,99.81412255764008,97.2286838287721,494.37658905809695,8.151109537053745
373,37400.0,0.022000000000000006,42.11474346160889,98.91045618057251,99.87511312961578,99.15603210568372,494.7172126219907,6.60152950786884
374,37500.0,0.022000000000000006,41.06499572753906,98.19396144151688,99.6387111544609,97.27083461187321,495.1766890734904,9.201796346470218
375,37600.0,0.022000000000000006,41.59453609466553,98.10533571243286,99.80641061067581,96.67624729458029,495.75414224182884,3.9044352897279606
376,37700.0,0.022000000000000006,40.943417625427244,98.50709038972855,99.65887802839279,98.5975762082301,496.14832251904255,6.582804217261451
377,37800.0,0.022000000000000006,40.14086101531982,98.40585160255432,99.84018421173096,97.70023561746264,496.4500924745571,3.45007676500012
378,37900.0,0.022000000000000006,42.080884819030764,98.33787816762924,99.84064328670502,98.0401651596281,496.991428424848,5.994001990921272
379,38000.0,0.022000000000000006,41.48727886199951,98.57715111970901,99.88220298290253,97.41352046967415,497.41068800757927,5.182176607400759
380,38100.0,0.024000000000000007,43.60816421508789,96.95651024580002,99.72290968894958,96.22937618243297,498.36300063144853,5.383887623557602
381,38200.0,0.024000000000000007,42.70324813842773,97.3987318277359,99.68423789739609,96.89534308540138,499.1541252193616,8.269957333987199
382,38300.0,0.024000000000000007,40.45618045806885,98.52907246351242,99.86996358633041,97.40095971322594,499.4873825247248,3.4182313948212304
383,38400.0,0.024000000000000007,43.75070812225342,97.43444937467575,99.50804996490479,98.53576830178692,500.8209302295165,5.010447149387061
384,38500.0,0.024000000000000007,43.65718463897705,97.86545407772064,99.82925152778625,97.4743432070547,502.0981017391724,7.259913753764592
385,38600.0,0.024000000000000007,41.8834924697876,98.27274531126022,99.87621122598648,98.0507700990733,502.5299970012264,7.512315084604078
386,38700.0,0.024000000000000007,41.624303321838376,98.06540471315384,99.59461963176727,97.80544418864044,503.1365844985386,5.149363723448754
387,38800.0,0.024000000000000007,41.935228233337405,97.84726959466934,99.86837190389633,97.85396682835405,503.4885554060613,4.803059815537359
388,38900.0,0.024000000000000007,39.23723285675049,98.88086605072021,99.81091493368149,99.00344736685261,503.8014220796214,6.87889038390139
389,39000.0,0.024000000000000007,42.52828472137451,98.17596477270126,99.25676691532135,98.07386274720447,504.4170634499303,5.608645727049942
390,39100.0,0.024000000000000007,41.52865592956543,98.3550745844841,99.7306460738182,97.70671783374725,505.0128661103069,3.220769469867073
391,39200.0,0.024000000000000007,40.065458335876464,98.69168335199356,99.64735108613968,98.61815230578728,505.4362587387517,3.7811253142007777
392,39300.0,0.024000000000000007,45.57082019805908,97.18350583314896,99.49819928407669,96.95886375287046,506.89629304242396,4.452519300276936
393,39400.0,0.024000000000000007,40.93836990356445,98.12170797586441,99.85812598466873,97.67432664716195,507.34148650484576,9.063103398116484
394,39500.0,0.024000000000000007,40.78666831970215,98.79973727464676,99.88251459598541,99.03132068284404,507.7472679283696,3.478981428346615
395,39600.0,0.024000000000000007,40.539641494750974,98.07859498262405,99.674753844738,97.13041761132463,508.24300659892526,3.092488128340492
396,39700.0,0.024000000000000007,40.18827362060547,97.76815396547318,99.7174705862999,96.84453546150375,509.4283986215512,4.189810611017976
397,39800.0,0.024000000000000007,39.62860427856445,98.48299908638,99.76679033041,98.6818637880045,509.945791520686,2.869633247667315
398,39900.0,0.024000000000000007,38.3868115234375,98.28834146261215,99.84168273210526,97.93116027614745,510.29962190880144,3.577643190506637
399,40000.0,0.024000000000000007,39.865814666748044,98.3042659163475,99.87859761714935,97.83159601703821,510.69399558582705,3.9177282811830825
400,40100.0,0.02600000000000001,38.52204601287842,98.48274946212769,99.86587250232697,97.29416857336366,511.01760568318224,3.498276779104168
401,40200.0,0.02600000000000001,41.01776786804199,96.96021264791489,99.6708043217659,96.74468777431741,511.58909164058315,6.905813434981425
402,40300.0,0.02600000000000001,39.6237378692627,97.69268137216568,99.72547030448914,97.03687990430154,512.0941405512214,12.207169387933192
403,40400.0,0.02600000000000001,38.00833557128906,98.58692699670792,99.82824313640594,97.056623995303,512.3754283091182,3.535458715019159
404,40500.0,0.02600000000000001,41.00423511505127,97.68403363227844,99.57527524232864,98.83036282839184,513.4606180317227,2.6214022101645527
405,40600.0,0.02600000000000001,41.15863876342773,98.3000972867012,99.82377862930298,97.88255068046999,514.3357204249307,6.243583694674652
406,40700.0,0.02600000000000001,38.686851501464844,98.48270010948181,99.83481425046921,98.40195852283833,514.6452619922052,7.446899830580171
407,40800.0,0.02600000000000001,40.426853065490725,98.12388855218887,99.61121481657028,97.99794817201068,515.0957251731886,3.7146546394426267
408,40900.0,0.02600000000000001,39.794280242919925,98.24725013971329,99.86434638500214,97.58741912764259,515.4033144593683,1.3799566749681216
409,41000.0,0.02600000000000001,38.3544136428833,98.91752618551254,99.74812769889832,99.07251747082097,515.7703746362,4.699985702407354
410,41100.0,0.02600000000000001,40.57609043121338,98.30294692516327,99.32464545965195,98.6269698253327,516.2542828797455,5.562004616148427
411,41200.0,0.02600000000000001,39.33712726593018,98.34481072425842,99.7781035900116,97.91888751775475,516.6374834825174,3.500949258996558
412,41300.0,0.02600000000000001,38.85343719482422,98.74551475048065,99.62541401386261,98.91050189265214,517.0118163644338,7.932055644989318
413,41400.0,0.02600000000000001,43.29376789093018,97.01937103271484,99.52629840373993,97.22332966306516,518.1130196689061,4.366146946749822
414,41500.0,0.02600000000000001,39.51545295715332,98.3505864739418,99.88355612754822,97.10687447577897,518.4385683334988,6.309176870728917
415,41600.0,0.02600000000000001,38.767177467346194,98.799012362957,99.86382442712784,99.14499051393473,518.7347143357468,4.453041676708392
416,41700.0,0.02600000000000001,39.428335723876955,98.24526476860046,99.63953214883804,96.74819799521822,519.1175749127283,4.029699586806245
417,41800.0,0.02600000000000001,39.34385639190674,98.12706404924393,99.8330682516098,97.16937671070554,519.5129175097229,2.870352638294587
418,41900.0,0.02600000000000001,37.757135200500485,98.51988995075226,99.80896919965744,98.43823850730327,519.7907449121723,3.160401386279132
419,42000.0,0.02600000000000001,37.71716541290283,98.28742897510529,99.85805284976959,97.73973187513182,520.0793955742607,2.9251700974143797
420,42100.0,0.02800000000000001,38.101999855041505,98.27497327327728,99.82564234733582,98.3026367802255,520.521360803846,3.3981917011473546
421,42200.0,0.02800000000000001,38.04883514404297,98.49574959278107,99.88664019107819,97.19300140441037,520.8584033092502,3.351431801902972
422,42300.0,0.02800000000000001,39.07202033996582,97.15735161304474,99.6905876994133,96.77716736984225,521.4512165795951,4.528506709902662
423,42400.0,0.02800000000000001,38.18175910949707,97.6599161028862,99.78589570522308,96.50085263767622,521.9265387681611,11.23165559164403
424,42500.0,0.02800000000000001,36.79366214752197,98.56749701499939,99.86733651161194,97.05882654568893,522.2209518740536,1.78316685668057
425,42600.0,0.02800000000000001,39.60613285064697,97.37599033117294,99.53709250688553,98.33075381477408,523.213087487286,6.299228391829014
426,42700.0,0.02800000000000001,40.234165802001954,98.19683587551117,99.85305595397949,98.1142319189143,524.0769816178109,5.158234599774067
427,42800.0,0.02800000000000001,37.8604121017456,98.21536111831665,99.86275142431259,98.36265873871045,524.4876811831324,5.901912889567124
428,42900.0,0.02800000000000001,38.24844032287598,98.19484919309616,99.58958542346954,98.38540300329277,524.9194545506849,4.758373838553487
429,43000.0,0.02800000000000001,37.831082077026366,98.18674403429031,99.85663545131683,98.07775132439772,525.1752524064132,4.571741397993445
430,43100.0,0.02800000000000001,36.50768827438355,98.84921652078629,99.78597444295883,98.92176324541398,525.457998562849,10.810753495822684
431,43200.0,0.02800000000000001,39.65949241638184,98.39158761501312,99.26158803701401,98.46428072794878,525.92588536388,9.078002769846542
432,43300.0,0.02800000000000001,38.03678245544434,98.5112082362175,99.72902691364288,97.597967730476,526.3091632973309,3.45751018598087
433,43400.0,0.02800000000000001,37.022943000793454,98.71778845787048,99.70915269851685,98.8650436982436,526.6483361126726,5.501973453323189
434,43500.0,0.02800000000000001,42.81583118438721,96.8888727426529,99.39009165763855,97.53447185566678,527.8152743231932,4.822231155743509
435,43600.0,0.02800000000000001,38.43547065734863,98.303153693676,99.84940427541733,97.20358581321808,528.1419299842883,7.277169118768346
436,43700.0,0.02800000000000001,37.652549247741696,98.96301174163818,99.89256805181503,99.17484616643324,528.3835477498419,5.851503192895451
437,43800.0,0.02800000000000001,36.94878776550293,98.06083577871323,99.65152609348297,97.48825554627182,528.8105746863841,4.475431122775649
438,43900.0,0.02800000000000001,36.84006164550781,98.17208242416382,99.85188800096512,96.43758962379812,529.2128052148914,4.827151793524589
439,44000.0,0.02800000000000001,36.33289754867554,98.61128783226013,99.74918359518051,98.55296473603566,529.4586360219188,2.885481784882357
440,44100.0,0.030000000000000013,35.51581853866577,98.26145046949387,99.83076697587967,97.52319068257891,529.7507011200836,4.976726949258929
441,44200.0,0.030000000000000013,37.111968460083006,98.40273076295853,99.86953139305115,97.89940440301376,530.2233998064452,5.353292104976848
442,44300.0,0.030000000000000013,36.46101448059082,98.24537301063538,99.88046246767044,97.18396498278929,530.5552420048687,5.561548743351788
443,44400.0,0.030000000000000013,39.00136135101318,97.12808066606522,99.67006629705429,96.14542255214047,531.1618031617515,5.267333923530671
444,44500.0,0.030000000000000013,37.53401809692383,97.74957031011581,99.76322418451309,97.09108567633092,531.6424305895835,8.446674300840687
445,44600.0,0.030000000000000013,36.39640727996826,98.58576208353043,99.85706555843353,97.29077913922993,531.8925194265281,5.162041096390761
446,44700.0,0.030000000000000013,39.08363960266113,97.49824982881546,99.50052434206009,98.57201860258009,533.0211108100002,5.269231618944
447,44800.0,0.030000000000000013,39.1623038482666,98.16145020723343,99.80127662420273,97.71942295186706,534.0496947408562,2.643630858060397
448,44900.0,0.030000000000000013,35.6457328414917,98.44768363237381,99.88643079996109,98.56851199695568,534.3616544158637,6.92299430255472
449,45000.0,0.030000000000000013,37.08344919204712,98.07999765872955,99.63915926218033,98.31756057806346,534.8078683252589,4.206765921836539
450,45100.0,0.030000000000000013,37.46023525238037,97.94933879375458,99.84058493375778,97.79275708884656,535.0875395963773,2.1699043730428302
451,45200.0,0.030000000000000013,34.8171627998352,99.00679111480713,99.81394028663635,99.29527585336771,535.3546004449094,4.670712228138909
452,45300.0,0.030000000000000013,37.87135520935058,98.37790721654892,99.35032278299332,98.27003310831263,535.8989998118881,7.756010362701005
453,45400.0,0.030000000000000013,37.297605743408205,98.30509853363037,99.80852770805359,97.55244562789339,536.403518476142,1.579675587365601
454,45500.0,0.030000000000000013,36.614995079040526,98.73188757896423,99.63229912519455,98.7859387216768,536.7441927019055,7.024760417546786
455,45600.0,0.030000000000000013,40.44609485626221,96.91548091173172,99.44101637601852,97.4023117175374,537.78983993435,9.991317150410476
456,45700.0,0.030000000000000013,38.333554077148435,98.18172317743301,99.86256968975067,97.27476522427374,538.2732213411686,7.741645313241765
457,45800.0,0.030000000000000013,36.80725406646729,98.80746895074844,99.88568669557571,99.13004600056423,538.5784976276467,4.893374519588889
458,45900.0,0.030000000000000013,37.29442840576172,98.01146680116653,99.52761518955231,96.95490032508816,539.0024267954576,6.34230376093966
459,46000.0,0.030000000000000013,36.35242395401001,98.06794291734695,99.65577167272568,96.92709411501559,539.4847964822495,4.1171205984618675
460,46100.0,0.032000000000000015,35.78628105163574,98.38118505477905,99.73179972171783,98.23958586613008,539.7984037246282,7.058310233587616
461,46200.0,0.032000000000000015,34.77209367752075,98.26244854927063,99.83028721809387,98.03504990866455,540.0646562082762,4.360447179411653
462,46300.0,0.032000000000000015,35.39640605926514,98.33133542537689,99.84152972698212,97.84083899776219,540.5720381433996,4.774748213474694
463,46400.0,0.032000000000000015,35.82553852081299,98.39374923706055,99.85896867513657,97.30754474439192,540.8454093556619,4.371735935609573
464,46500.0,0.032000000000000015,37.07415977478027,97.14850580692291,99.72390401363373,96.9422903805676,541.4087733091665,6.424279193241636
465,46600.0,0.032000000000000015,36.50149578094482,97.76103556156158,99.74745309352875,96.71467523508895,541.8432377432453,8.594691404156162
466,46700.0,0.032000000000000015,34.96919668197632,98.28967189788818,99.87122440338135,97.50161938739444,542.1049180302532,2.4637755775323824
467,46800.0,0.032000000000000015,37.60589469909668,97.69141459465027,99.57356262207031,98.83418358913028,543.2543876227118,3.0099403057202396
468,46900.0,0.032000000000000015,37.570508842468264,97.88914334774017,99.88475793600082,98.04616363237739,544.4327815052357,3.9440645027364227
469,47000.0,0.032000000000000015,35.35053810119629,98.44294202327728,99.86301678419113,98.49342529574082,544.7409054012415,6.208306176233531
470,47100.0,0.032000000000000015,36.08967218399048,98.17429953813553,99.6630163192749,98.28983460084133,545.1327502100737,4.999391014354818
471,47200.0,0.032000000000000015,36.625817108154294,98.00443804264069,99.84981340169907,97.60224625669657,545.5161226535939,5.550418105873661
472,47300.0,0.032000000000000015,34.71816638946533,98.82657289505005,99.85145592689514,99.08622915769584,545.8236041694292,3.733815061381642
473,47400.0,0.032000000000000015,37.591674156188965,98.35453993082047,99.3211697936058,98.61775272867108,546.3983800211195,8.234223376278829
474,47500.0,0.032000000000000015,36.264917602539064,98.1043980717659,99.761205971241,97.643099034543,546.826931528531,12.927115632056656
475,47600.0,0.032000000000000015,35.968048362731935,98.71168279647827,99.7231667637825,99.07008867368636,547.1880205952103,3.9107405378770435
476,47700.0,0.032000000000000015,39.68349479675293,96.78028243780136,99.45536172389984,97.20453087278293,548.2468928727251,6.566740621835632
477,47800.0,0.032000000000000015,37.711254577636716,98.0577067732811,99.7628293633461,97.36042553619423,548.6344508261316,4.067088541831291
478,47900.0,0.032000000000000015,35.45533847808838,98.91650795936584,99.83023363351822,98.98162259362174,548.9612469992354,1.3389131077019734
479,48000.0,0.032000000000000015,35.74506824493408,97.95894598960876,99.6826102733612,97.1679062784093,549.3197447572803,4.191056722614412
480,48100.0,0.034000000000000016,35.187528915405274,98.03645884990692,99.84065639972687,96.80110155388971,549.7852644491437,4.7614682161390975
481,48200.0,0.034000000000000016,33.97075679779053,98.47550964355469,99.79622209072113,98.98439450278192,550.0328298716106,2.2815469017472374
482,48300.0,0.034000000000000016,34.4896117401123,98.15392118692398,99.79552429914474,97.9596971550594,550.3063826603811,4.148441610497164
483,48400.0,0.034000000000000016,35.46640266418457,98.23967790603638,99.84473186731339,97.72879975510745,550.7678724322574,4.204551311449872
484,48500.0,0.034000000000000016,34.91549549102783,98.27645701169968,99.87311619520187,97.73826294078657,551.0925082944361,3.644618070377746
485,48600.0,0.034000000000000016,36.7969921875,97.17767065763474,99.65916764736176,96.36097270964781,551.691781900462,3.349642063865173
486,48700.0,0.034000000000000016,35.74780401229859,97.62073117494583,99.75268572568893,96.5434620010764,552.1506711196193,6.787966738664586
487,48800.0,0.034000000000000016,34.084334506988526,98.4736760854721,99.84808552265167,97.1698610798666,552.4800836530599,5.433895238762508
488,48900.0,0.034000000000000016,36.76029193878174,97.73306530714035,99.53617107868195,98.68208704980285,553.5880512800998,7.432317303747581
489,49000.0,0.034000000000000016,36.60605710983276,97.84767436981201,99.8648447394371,97.76925598900553,554.549212261921,4.388893081205485
490,49100.0,0.034000000000000016,35.22183845520019,98.42633080482483,99.85664945840836,98.4640603164968,554.8018256493292,4.906302597871535
491,49200.0,0.034000000000000016,35.42939384460449,98.02595889568329,99.58905416727066,98.35921148243784,555.2623757731534,4.455579000593204
492,49300.0,0.034000000000000016,36.15402847290039,97.8083685040474,99.79735231399536,97.56275463701856,555.5833413261535,7.41373536702263
493,49400.0,0.034000000000000016,34.141683712005616,98.84724336862564,99.8337562084198,99.0096277698222,555.8329823525655,7.4265504633970405
494,49500.0,0.034000000000000016,36.49800466537476,98.21772235631943,99.32540464401245,98.41031253384821,556.3269698471272,9.579158113409305
495,49600.0,0.034000000000000016,35.284911003112796,98.34304475784302,99.79830479621887,97.73713052543168,556.6948819012696,1.8636924239863908
496,49700.0,0.034000000000000016,34.4609642791748,98.76203101873398,99.69955599308014,98.72825016633136,556.9986031030805,7.300499864080458
497,49800.0,0.034000000000000016,39.16705764770508,96.86860531568527,99.56636154651642,97.44987243637433,558.0177996294392,7.256641991109984
498,49900.0,0.034000000000000016,35.1147437286377,98.28646498918533,99.89028006792068,97.28203174279756,558.4263408970018,6.887551853473033
499,50000.0,0.034000000000000016,34.84296998977661,98.75721222162247,99.93009746074677,98.97064323454461,558.6996946156187,3.991187078643117
500,50100.0,0.03600000000000002,33.65276725769043,98.00689834356308,99.662872672081,97.27094199079824,559.0899059719558,7.7539689480010345
501,50200.0,0.03600000000000002,33.79314111709595,98.0274828672409,99.69036608934402,96.79931506210329,559.6045248391227,8.4184954841045
502,50300.0,0.03600000000000002,34.00176429748535,98.40473991632462,99.71831154823303,98.42976958401,559.921379742733,7.091120075786872
503,50400.0,0.03600000000000002,33.83846160888672,98.06811058521271,99.83706647157669,97.52708891761127,560.1922262739497,1.690859577524883
504,50500.0,0.03600000000000002,34.89636116027832,98.17655676603317,99.87004482746124,97.53624597650085,560.6400604891343,9.100650671139297
505,50600.0,0.03600000000000002,34.20822515487671,98.28232848644257,99.86914944648743,97.53348251632319,560.9660531125415,5.49222645334279
506,50700.0,0.03600000000000002,35.814335670471195,97.16970199346542,99.7167512178421,96.56795993975943,561.5472118597229,2.659400309816681
507,50800.0,0.03600000000000002,34.71170831680298,97.63645732402802,99.70478618144989,96.62512808880464,562.0766638176649,9.512770821519046
508,50900.0,0.03600000000000002,33.48805028915405,98.32072681188583,99.84635978937149,97.4379827138618,562.3613433130222,2.3953830985789284
509,51000.0,0.03600000000000002,36.04729934692383,97.62090981006622,99.54481500387192,97.89317650714824,563.4093160414544,7.7536544964706255
510,51100.0,0.03600000000000002,36.812379112243654,97.95206302404404,99.75548875331879,98.037497872549,564.2719074520872,10.490658445442035
511,51200.0,0.03600000000000002,33.68811143875122,98.5018362402916,99.73626071214676,98.45622594995375,564.7195276134921,2.8624718213063667
512,51300.0,0.03600000000000002,34.94976097106934,98.00852829217911,99.52884435653687,97.9797544785473,565.1339452214305,5.237704300984544
513,51400.0,0.03600000000000002,35.18403820037842,97.92112976312637,99.81469982862473,97.81076649076647,565.4180930273869,4.4646541324051014
514,51500.0,0.03600000000000002,33.47990846633911,98.8401951789856,99.77543550729752,99.14581918135883,565.6886806272771,6.887059841621084
515,51600.0,0.03600000000000002,35.82672170639038,98.10379374027252,99.34055298566818,98.11564956771255,566.2007742187616,3.364070534739528
516,51700.0,0.03600000000000002,34.458177165985106,98.26505482196808,99.79285782575607,97.86823069988701,566.5699934134403,6.806734581715834
517,51800.0,0.03600000000000002,34.365383281707764,98.5406596660614,99.72062087059021,98.8038592236464,566.8960833415443,11.1381859698329
518,51900.0,0.03600000000000002,37.86575115203858,96.92950731515884,99.46707028150558,97.56478035412688,568.0126015161455,4.453147544997087
519,52000.0,0.03600000000000002,34.50414348602295,98.20447021722794,99.84238106012344,97.45919250818362,568.4043123565057,9.453816443688792
520,52100.0,0.03800000000000002,33.35439323425293,98.88454979658127,99.87399327754974,99.33174408533537,568.661873357698,4.760844225992106
521,52200.0,0.03800000000000002,33.661404552459715,97.90880876779556,99.6206893324852,96.74684694790136,569.0358669336995,4.593307668955368
522,52300.0,0.03800000000000002,33.80512258529663,98.05362951755524,99.78180623054504,97.15090266743468,569.4534638223582,8.004174476007384
523,52400.0,0.03800000000000002,33.391879901885986,98.41145867109299,99.79744899272919,98.37497872093847,569.730421000245,3.4371173295039257
524,52500.0,0.03800000000000002,32.27156316757202,98.09309697151184,99.83556288480759,98.07899084501013,569.9935915360647,7.018120355961796
525,52600.0,0.03800000000000002,33.38015491485596,98.41962885856628,99.83962762355804,97.56716837497542,570.3814292411174,4.4761392217374745
526,52700.0,0.03800000000000002,33.404789714813234,98.44068878889084,99.85987955331802,97.17373503438674,570.703223488858,2.3920145630717977
527,52800.0,0.03800000000000002,34.785459156036374,97.23951417207718,99.64477682113647,96.39009600360528,571.2962587166833,3.3231350121657472
528,52900.0,0.03800000000000002,34.22660757064819,97.65194594860077,99.76193863153458,97.10151124898522,571.7278245994311,5.827931728735699
529,53000.0,0.03800000000000002,32.34755832672119,98.57466560602188,99.85058200359344,97.60124579666271,572.0081270125621,4.073960591847922
530,53100.0,0.03800000000000002,35.59916374206543,97.24879217147827,99.51591008901596,98.43460589699701,573.2431270692464,8.92287028404319
531,53200.0,0.03800000000000002,35.62548427581787,98.00807428359985,99.86527675390244,97.68538951627418,574.1479260381146,2.2244840024902652
532,53300.0,0.03800000000000002,33.22933561325073,98.36644387245178,99.88724792003632,98.19920492952353,574.4649575134537,5.789944813705246
533,53400.0,0.03800000000000002,34.77687660217285,97.97996670007706,99.5545546412468,97.88496014823788,574.946360467668,5.6134655712191455
534,53500.0,0.03800000000000002,34.19204254150391,97.79719614982605,99.81889462471008,97.5317059682515,575.2387126143352,3.1972533194437585
535,53600.0,0.03800000000000002,32.841524810791014,98.97132325172424,99.84699755907059,99.02567384172308,575.5275633264332,5.089621731672608
536,53700.0,0.03800000000000002,35.2645806312561,98.20258313417435,99.33562242984772,98.12098250621224,575.9785428497606,5.009780671332316
537,53800.0,0.03800000000000002,33.397860317230226,98.2851796746254,99.78899657726288,97.79876023124554,576.335407743691,5.452527957162856
538,53900.0,0.03800000000000002,33.32345642089844,98.65694081783295,99.76331305503845,98.84880266930904,576.6821961356005,2.4588055285860326
539,54000.0,0.03800000000000002,37.33262855529785,96.60347270965576,99.40979236364365,96.70705761139712,577.8798252258567,7.624235410007596
540,54100.0,0.04000000000000002,34.354726524353026,98.05250304937363,99.87398833036423,97.27944102179622,578.2678613545443,2.762308920238009
541,54200.0,0.04000000000000002,33.1038304901123,98.77114021778107,99.84761154651642,98.85745661803001,578.5571784487464,6.839770084191682
542,54300.0,0.04000000000000002,32.859612159729004,97.87941515445709,99.61972564458847,97.15365890258458,578.8760599295059,2.9406943858519083
543,54400.0,0.04000000000000002,33.36443201065063,97.72003275156021,99.6261694431305,96.60138496716226,579.3535044582204,4.797411427375274
544,54500.0,0.04000000000000002,32.81136522293091,98.37414395809174,99.73715829849243,98.444422036291,579.6460844410699,6.273685464984409
545,54600.0,0.04000000000000002,31.566299839019777,98.41916590929031,99.8340859413147,97.75653051385078,579.8866898382628,6.383279888476617
546,54700.0,0.04000000000000002,32.90527685165405,98.0440005660057,99.87284153699875,97.80245362115656,580.3056736844777,7.223473733090236
547,54800.0,0.04000000000000002,32.65985656738281,98.3058243393898,99.86815762519836,97.58226420759559,580.5946954221739,3.592907878386347
548,54900.0,0.04000000000000002,34.41266626358032,96.97741442918777,99.66713184118271,96.51492233381124,581.2034734173121,4.5242226505626695
549,55000.0,0.04000000000000002,33.28569309234619,97.6414046883583,99.72806006669998,96.70170387106567,581.6207741078462,7.652122101043948
550,55100.0,0.04000000000000002,32.47815252304077,98.3803848028183,99.86675590276718,97.4531854330405,581.859333598979,6.583259496060248
551,55200.0,0.04000000000000002,34.154763011932374,97.60250490903854,99.5534166097641,98.53878392117232,582.9043105254241,7.646329382454775
552,55300.0,0.04000000000000002,34.89405395507813,97.97690534591675,99.8445742726326,97.99473291774433,583.8909858956293,4.744788786898215
553,55400.0,0.04000000000000002,32.76884119033814,98.24460220336914,99.87688571214676,98.2622701354516,584.1853518591347,7.0054672744883915
554,55500.0,0.04000000000000002,33.549361877441406,97.8377212882042,99.58964401483536,98.59862802343592,584.6427665001227,6.638538594660523
555,55600.0,0.04000000000000002,33.778814811706546,97.80538582801819,99.85428577661514,97.48314750808731,584.9506355927962,6.268417276340024
556,55700.0,0.04000000000000002,32.42342260360718,98.72572910785675,99.86241567134857,98.86664129608891,585.1824954574049,4.469615521556683
557,55800.0,0.04000000000000002,34.26629505157471,98.25066393613815,99.39038908481598,98.3713086980519,585.6019438321166,5.7466725717092215
558,55900.0,0.04000000000000002,33.143349494934085,98.27772080898285,99.77096837759018,97.93381161375139,585.9246309500477,3.5185977527669623
559,56000.0,0.04000000000000002,33.19060317993164,98.61635166406631,99.69174313545227,98.8443691542412,586.2115618323438,3.974983239377754
560,56100.0,0.04200000000000002,36.07607807159424,96.82065916061401,99.54497748613358,97.11449959726251,587.1527001546744,8.38825997416083
561,56200.0,0.04200000000000002,33.22334436416626,98.05033665895462,99.8543615937233,96.85114031683392,587.487121806873,5.002144646179289
562,56300.0,0.04200000000000002,31.80035583496094,98.80735182762146,99.86374270915985,99.08458909459821,587.7538776412699,3.4059391761026756
563,56400.0,0.04200000000000002,32.209532260894775,97.8858944773674,99.69100433588028,97.17997291193831,588.1610018242275,7.823508709136125
564,56500.0,0.04200000000000002,32.81856809616089,97.71833169460297,99.75473898649216,96.84836806442199,588.5830814824424,8.044525061009095
565,56600.0,0.04200000000000002,32.249711475372315,98.25227707624435,99.80910605192184,98.32446446937449,588.8855948265245,4.514660027133843
566,56700.0,0.04200000000000002,31.00658332824707,98.0652824640274,99.85725349187851,97.52133482750754,589.1421937409332,7.127610872467785
567,56800.0,0.04200000000000002,32.85963439941406,98.19817632436752,99.86756390333176,97.76632824418859,589.5139487188975,5.752332735586436
568,56900.0,0.04200000000000002,32.47751518249512,98.24147880077362,99.84324479103088,97.53080218259161,589.7803776946954,5.176931316114675
569,57000.0,0.04200000000000002,33.630874481201175,96.9689171910286,99.64950609207153,96.18366628558435,590.3062310672437,5.386021828216712
570,57100.0,0.04200000000000002,33.11963180541992,97.32014799118042,99.68353229761124,96.73089568592428,590.7545476245776,19.31816408818136
571,57200.0,0.04200000000000002,31.990632152557374,98.36727231740952,99.8604786992073,97.4633779341412,590.9887265497894,7.808698865386119
572,57300.0,0.04200000000000002,33.777111511230466,97.48936200141907,99.58109265565872,98.41050220623355,591.8737860558368,8.034526097584777
573,57400.0,0.04200000000000002,33.89185022354126,97.92083930969238,99.83544456958771,97.76011944373126,592.9566536610101,3.3557621578253625
574,57500.0,0.04200000000000002,32.33306015014649,98.29231387376785,99.87929683923721,98.53287193312053,593.2466849222242,6.754557136142553
575,57600.0,0.04200000000000002,32.86839096069336,97.98134881258011,99.59284889698029,98.20811853947971,593.6237245937288,5.408725595911071
576,57700.0,0.04200000000000002,32.71446920394897,97.9620948433876,99.86154317855835,97.5005055347698,593.8679818722006,9.590686083311377
577,57800.0,0.04200000000000002,31.589391021728517,98.86169147491455,99.86142086982727,98.88584618117005,594.1147560283446,1.5241291592758401
578,57900.0,0.04200000000000002,32.92516874313355,98.17688566446304,99.42437928915024,98.32271737557733,594.5957489636398,6.685553864464287
579,58000.0,0.04200000000000002,32.431514205932615,98.2664362192154,99.76667189598083,97.98247692712422,594.9606758305754,3.386354840979325
580,58100.0,0.044000000000000025,32.47699899673462,98.47854739427567,99.72530215978622,98.63314040805864,595.3022073774029,5.263999356410864
581,58200.0,0.044000000000000025,35.924940700531,96.7256206870079,99.38277989625931,97.3415394402115,596.3932800758637,7.813114763000611
582,58300.0,0.044000000000000025,33.05903200149536,98.07797837257385,99.78817266225815,97.45212446729296,596.7946625980044,5.728085785680853
583,58400.0,0.044000000000000025,31.453607273101806,98.59607952833176,99.86456573009491,99.19944095380721,597.0776997066613,6.9499737277068645
584,58500.0,0.044000000000000025,32.11833543777466,97.77679020166397,99.61480581760406,96.84451913362382,597.4381129768749,3.202675474454646
585,58600.0,0.044000000000000025,31.339093437194823,98.01238763332367,99.72550243139267,97.13511947211819,597.8255743495248,4.263321030434679
586,58700.0,0.044000000000000025,31.11922435760498,98.13905477523804,99.77275913953781,98.62403094632062,598.1173771094109,5.8960293644528345
587,58800.0,0.044000000000000025,30.58189245223999,98.04046195745468,99.83337438106537,97.5970957023108,598.3488077002814,4.144401709621711
588,58900.0,0.044000000000000025,32.10374351501465,98.07062727212906,99.8316501379013,97.93000717521987,598.792911152247,4.836145276225637
589,59000.0,0.044000000000000025,32.04607713699341,98.24040752649307,99.87282419204712,97.06675213575483,599.063088805153,4.679563315271006
590,59100.0,0.044000000000000025,32.893445377349856,96.82157784700394,99.7076867222786,96.920366580445,599.5414883517523,4.351230081900275
591,59200.0,0.044000000000000025,32.25742403030395,97.42679387331009,99.76287645101547,97.15371906751972,599.8707268563519,9.574508338677528
592,59300.0,0.044000000000000025,30.48177900314331,98.26998871564865,99.87888771295547,97.45297196419176,600.1068889005412,8.205392044413445
593,59400.0,0.044000000000000025,33.56223207473755,97.45417296886444,99.64906913042068,98.18761631456842,601.1939549743554,4.027288949056878
594,59500.0,0.044000000000000025,33.62594518661499,97.78184187412262,99.82243192195892,97.7101655975201,602.0112477909488,5.870210277294182
595,59600.0,0.044000000000000025,31.48679883956909,98.19409251213074,99.83044797182083,97.9611752397376,602.3168793830935,7.905745885664042
596,59700.0,0.044000000000000025,32.53315864562988,97.95305734872818,99.55394250154495,98.06278740612959,602.7174554844164,4.082627511506879
597,59800.0,0.044000000000000025,32.43110439300537,97.73169076442719,99.85388469696045,97.42694364932885,602.9776992486532,8.361429181580098
598,59900.0,0.044000000000000025,30.706319179534912,98.76480907201767,99.80296343564987,98.94889185337864,603.2245625597664,7.69796512846897
599,60000.0,0.044000000000000025,33.6958122253418,98.21754908561707,99.22155648469925,98.44442110993245,603.6357004338909,5.072317437609783
